,Номер,Дата,Команда_1,Команда_2,Период_1,Период_2,Период_3,Овертайм,Буллиты
0,1,2020-09-02,ЦСКА,Ак Барс,1:0,0:1,1:1,0:1,:
1,2,2020-09-03,Трактор,Автомобилист,0:1,1:0,0:2,:,:
2,3,2020-09-03,Локомотив,Спартак,2:0,1:1,4:1,:,:
3,4,2020-09-03,Северсталь,Амур,2:2,1:2,3:0,:,:
4,5,2020-09-03,Торпедо НН,Салават Юлаев,0:2,1:0,1:1,:,:
5,6,2020-09-03,Авангард,Сибирь,0:0,0:0,1:0,:,:
6,7,2020-09-03,Динамо Мн,Йокерит,+ — -,:,:,:,:
7,8,2020-09-03,Динамо Р,Барыс,0:3,1:0,1:0,:,:
8,9,2020-09-04,Металлург Мг,Куньлунь РС,1:0,0:0,1:1,:,:
9,10,2020-09-04,Ак Барс,Витязь,0:1,0:1,0:2,:,:
10,11,2020-09-04,Нефтехимик,СКА,0:1,0:1,1:0,:,:
11,12,2020-09-04,ЦСКА,ХК Сочи,0:0,1:1,2:0,:,:
12,13,2020-09-05,Автомобилист,Спартак,0:0,1:0,0:0,:,:
13,14,2020-09-05,Локомотив,Амур,0:0,1:0,1:0,:,:
14,15,2020-09-05,Северсталь,Салават Юлаев,0:2,0:1,1:1,:,:
15,16,2020-09-05,Торпедо НН,Сибирь,3:1,1:1,0:1,:,:
16,17,2020-09-05,Авангард,Динамо М,2:1,0:0,0:0,:,:
17,18,2020-09-05,Динамо Мн,Барыс,0:0,4:1,0:3,1:0,:
18,19,2020-09-05,Динамо Р,Йокерит,1:1,0:1,0:1,:,:
19,20,2020-09-06,Металлург Мг,ХК Сочи,1:0,3:0,2:0,:,:
20,21,2020-09-06,Трактор,Куньлунь РС,1:0,1:0,1:1,:,:
21,22,2020-09-06,Ак Барс,СКА,0:0,1:0,1:2,1:0,:
22,23,2020-09-06,Нефтехимик,Витязь,3:0,0:1,1:2,:,:
23,24,2020-09-07,Северсталь,Сибирь,1:0,0:1,1:0,:,:
24,25,2020-09-07,Авангард,Амур,1:1,5:1,2:0,:,:
25,26,2020-09-07,Динамо М,Спартак,0:0,1:0,0:3,:,:
26,27,2020-09-07,ЦСКА,Барыс,2:1,1:0,0:0,:,:
27,28,2020-09-07,Динамо Мн,Салават Юлаев,2:2,0:2,1:0,:,:
28,29,2020-09-08,Автомобилист,Куньлунь РС,3:0,2:0,2:0,:,:
29,30,2020-09-08,Трактор,ХК Сочи,1:0,0:2,1:0,0:1,:
30,31,2020-09-08,Торпедо НН,СКА,0:1,1:3,3:2,:,:
31,32,2020-09-08,Динамо Р,Витязь,2:1,1:2,1:0,:,:
32,33,2020-09-09,Металлург Мг,Амур,0:1,2:0,1:0,:,:
33,34,2020-09-09,Динамо М,Локомотив,1:1,1:0,0:2,:,:
34,35,2020-09-09,Спартак,Салават Юлаев,2:2,2:1,1:0,:,:
35,36,2020-09-09,Йокерит,Нефтехимик,2:0,3:0,1:0,:,:
36,37,2020-09-09,Динамо Мн,Ак Барс,1:1,2:1,1:3,:,:
37,38,2020-09-10,Сибирь,ЦСКА,0:0,1:1,0:0,0:0,0:1
38,39,2020-09-10,Барыс,Куньлунь РС,1:0,1:1,1:1,:,:
39,40,2020-09-11,Автомобилист,Торпедо НН,2:1,1:2,0:0,0:0,0:1
40,41,2020-09-11,Металлург Мг,Авангард,0:1,0:2,0:1,:,:
41,42,2020-09-11,СКА,Локомотив,2:0,1:1,1:1,:,:
42,45,2020-09-12,Амур,ЦСКА,0:2,0:1,1:2,:,:
43,46,2020-09-12,Сибирь,Куньлунь РС,0:0,2:1,3:3,:,:
44,47,2020-09-12,Барыс,Динамо М,2:1,2:1,0:2,0:1,:
45,48,2020-09-13,Металлург Мг,Торпедо НН,1:0,2:1,0:0,:,:
46,49,2020-09-13,Салават Юлаев,Авангард,2:1,1:0,0:1,:,:
47,50,2020-09-13,Локомотив,Трактор,2:0,0:1,0:0,:,:
48,51,2020-09-13,Витязь,Северсталь,1:1,0:0,0:0,0:0,1:0
49,52,2020-09-13,СКА,Нефтехимик,1:0,2:2,2:0,:,:
50,53,2020-09-13,Спартак,Динамо Мн,1:0,2:3,0:0,0:1,:
51,54,2020-09-13,ХК Сочи,Ак Барс,0:0,0:2,0:2,:,:
52,55,2020-09-14,Амур,Динамо М,1:0,1:3,0:1,:,:
53,56,2020-09-14,Сибирь,Динамо Р,0:0,0:3,3:0,1:0,:
54,57,2020-09-14,Барыс,ЦСКА,0:0,1:0,0:1,0:0,0:1
55,58,2020-09-15,Салават Юлаев,Торпедо НН,1:0,3:1,2:1,:,:
56,59,2020-09-15,Нефтехимик,Автомобилист,0:4,1:0,2:2,:,:
57,60,2020-09-15,Авангард,СКА,3:0,0:3,1:0,:,:
58,61,2020-09-15,Витязь,Динамо Мн,0:1,1:3,1:0,:,:
59,62,2020-09-15,Спартак,Трактор,0:1,0:1,1:0,:,:
60,63,2020-09-15,ХК Сочи,Металлург Мг,0:0,0:0,0:0,0:0,0:1
61,65,2020-09-16,Амур,Динамо Р,1:0,1:0,0:1,:,:
62,66,2020-09-16,Сибирь,Динамо М,0:2,2:0,0:2,:,:
63,67,2020-09-17,Ак Барс,Салават Юлаев,1:1,1:0,2:0,:,:
64,68,2020-09-17,Куньлунь РС,Автомобилист,1:2,1:1,0:2,:,:
65,69,2020-09-17,Торпедо НН,Северсталь,1:2,0:0,2:1,0:1,:
66,70,2020-09-17,Витязь,Трактор,1:1,0:0,0:2,:,:
67,71,2020-09-17,Спартак,СКА,0:2,0:0,0:0,:,:
68,75,2020-09-18,Нефтехимик,Авангард,0:0,1:2,0:0,:,:
69,76,2020-09-19,Куньлунь РС,Салават Юлаев,1:0,1:2,0:0,0:0,0:1
70,78,2020-09-19,ЦСКА,Металлург Мг,1:0,0:0,1:4,:,:
71,80,2020-09-20,Автомобилист,Авангард,0:0,1:1,2:2,1:0,:
72,81,2020-09-20,Трактор,Амур,2:0,2:0,1:0,:,:
73,82,2020-09-20,Ак Барс,ХК Сочи,1:0,2:3,2:0,:,:
74,84,2020-09-20,Динамо М,Спартак,2:0,2:0,1:0,:,:
75,85,2020-09-20,СКА,Торпедо НН,0:1,2:0,0:0,:,:
76,88,2020-09-21,Динамо Мн,Сибирь,2:0,1:1,2:3,:,:
77,86,2020-09-22,Куньлунь РС,Локомотив,+ — -,:,:,:,:
78,89,2020-09-22,Автомобилист,Витязь,1:1,2:2,0:0,0:1,:
79,91,2020-09-22,Салават Юлаев,ХК Сочи,0:1,1:2,1:0,:,:
80,92,2020-09-22,Трактор,Северсталь,0:0,0:0,0:1,:,:
81,93,2020-09-22,Ак Барс,Авангард,1:0,0:1,0:0,0:0,1:0
82,94,2020-09-22,Нефтехимик,Амур,0:2,2:0,0:0,0:0,1:0
83,96,2020-09-23,СКА,Сибирь,1:1,0:2,0:1,:,:
84,97,2020-09-24,Металлург Мг,Витязь,0:2,1:0,0:2,:,:
85,98,2020-09-24,Салават Юлаев,Трактор,1:0,1:1,1:0,:,:
86,99,2020-09-24,Торпедо НН,Амур,1:1,0:1,1:0,0:1,:
87,100,2020-09-24,ХК Сочи,Динамо М,0:0,0:1,2:2,:,:
88,101,2020-09-24,ЦСКА,Северсталь,2:0,0:0,3:0,:,:
89,102,2020-09-25,Автомобилист,Динамо Мн,1:1,1:3,1:0,:,:
90,103,2020-09-25,Локомотив,Нефтехимик,0:1,1:2,1:0,:,:
91,104,2020-09-25,Авангард,Куньлунь РС,1:0,2:1,0:0,:,:
92,105,2020-09-25,СКА,Ак Барс,0:0,0:2,2:0,0:0,0:1
93,106,2020-09-25,Йокерит,Сибирь,0:1,3:1,2:0,:,:
94,107,2020-09-26,Салават Юлаев,Витязь,2:3,2:1,2:1,:,:
95,108,2020-09-26,Спартак,Амур,0:1,2:0,1:0,:,:
96,109,2020-09-26,Динамо Р,Динамо М,- — +,:,:,:,:
97,110,2020-09-27,Трактор,Динамо Мн,0:2,1:0,1:0,0:0,0:1
98,112,2020-09-27,Северсталь,Ак Барс,0:0,1:0,1:2,1:0,:
99,113,2020-09-27,Торпедо НН,Нефтехимик,2:0,0:0,3:1,:,:
100,114,2020-09-27,Авангард,Металлург Мг,0:0,1:0,1:0,:,:
101,115,2020-09-27,Йокерит,ЦСКА,1:1,1:0,0:3,:,:
102,116,2020-09-28,Сибирь,Автомобилист,0:1,3:2,3:1,:,:
103,117,2020-09-28,Спартак,Динамо М,1:1,2:0,1:3,0:0,1:0
104,118,2020-09-29,Куньлунь РС,Нефтехимик,0:2,2:2,1:0,:,:
105,119,2020-09-29,Локомотив,Металлург Мг,1:1,0:1,2:1,0:0,0:1
106,120,2020-09-29,Северсталь,Динамо Мн,0:1,0:1,1:2,:,:
107,121,2020-09-29,Торпедо НН,Ак Барс,1:0,3:2,0:0,:,:
108,122,2020-09-29,Авангард,Йокерит,0:0,1:1,1:1,1:0,:
109,124,2020-09-29,ХК Сочи,Трактор,0:1,1:0,1:3,:,:
110,125,2020-09-29,Динамо Р,ЦСКА,- — +,:,:,:,:
111,126,2020-09-30,Сибирь,СКА,2:0,1:4,1:2,:,:
112,127,2020-09-30,Салават Юлаев,Автомобилист,0:1,0:3,1:0,:,:
113,128,2020-10-01,Локомотив,Ак Барс,2:1,2:2,0:0,:,:
114,129,2020-10-01,Северсталь,Йокерит,1:1,1:1,0:3,:,:
115,130,2020-10-01,Авангард,Витязь,0:0,0:1,1:0,0:0,0:1
116,131,2020-10-01,Динамо М,Трактор,0:1,1:1,1:2,:,:
117,132,2020-10-01,Спартак,ЦСКА,2:1,1:3,1:1,:,:
118,134,2020-10-01,Динамо Р,Динамо Мн,0:1,2:2,1:0,0:0,1:0
119,135,2020-10-02,Амур,СКА,0:2,0:1,1:0,:,:
120,136,2020-10-02,Сибирь,Торпедо НН,2:1,2:0,0:1,:,:
121,137,2020-10-02,Металлург Мг,Автомобилист,1:1,1:2,0:0,:,:
122,138,2020-10-03,Локомотив,Йокерит,0:1,1:2,1:0,:,:
123,139,2020-10-03,Нефтехимик,Салават Юлаев,0:0,1:3,0:1,:,:
124,140,2020-10-03,Витязь,Динамо Р,1:1,2:0,3:0,:,:
125,141,2020-10-04,Амур,Торпедо НН,1:0,1:0,0:2,0:0,0:1
126,142,2020-10-04,Барыс,СКА,2:0,0:1,0:1,0:0,1:0
127,143,2020-10-04,Динамо М,Куньлунь РС,1:0,2:0,3:3,:,:
128,144,2020-10-04,ЦСКА,Авангард,1:0,2:0,1:2,:,:
129,145,2020-10-05,Ак Барс,Салават Юлаев,1:0,0:1,3:0,:,:
130,146,2020-10-05,Нефтехимик,Металлург Мг,0:2,1:1,0:1,:,:
131,147,2020-10-05,ХК Сочи,Динамо Р,1:0,1:0,2:2,:,:
132,148,2020-10-06,Амур,Торпедо НН,1:1,0:0,1:0,:,:
133,149,2020-10-06,Сибирь,Северсталь,0:1,2:0,0:1,0:0,0:1
134,150,2020-10-06,Витязь,Локомотив,0:2,0:0,0:3,:,:
135,151,2020-10-06,ЦСКА,Динамо М,0:0,1:0,1:0,:,:
136,152,2020-10-06,Йокерит,Спартак,2:0,2:0,3:1,:,:
137,153,2020-10-07,Автомобилист,Барыс,2:1,1:0,0:1,:,:
138,154,2020-10-07,Трактор,Куньлунь РС,1:0,2:1,1:1,:,:
139,155,2020-10-07,СКА,Металлург Мг,0:0,1:2,0:2,:,:
140,156,2020-10-07,Динамо Мн,ХК Сочи,0:2,1:0,0:0,:,:
141,157,2020-10-08,Амур,Северсталь,1:0,0:0,2:1,:,:
142,158,2020-10-08,Салават Юлаев,Сибирь,0:2,2:1,1:0,0:0,1:0
143,159,2020-10-08,Витязь,Ак Барс,0:1,1:1,1:0,0:0,0:1
144,160,2020-10-08,Спартак,Локомотив,0:0,0:0,1:1,0:1,:
145,161,2020-10-09,Автомобилист,Металлург Мг,2:2,1:0,0:1,0:0,0:1
146,162,2020-10-09,СКА,ХК Сочи,1:0,1:0,2:3,:,:
147,163,2020-10-09,Йокерит,Динамо Р,2:0,2:1,0:0,:,:
148,164,2020-10-09,Динамо Мн,Куньлунь РС,0:0,1:0,1:0,:,:
149,165,2020-10-10,Барыс,Северсталь,0:3,2:0,0:0,:,:
150,166,2020-10-10,Салават Юлаев,ЦСКА,1:1,1:2,0:1,:,:
151,167,2020-10-10,Локомотив,Динамо М,0:1,2:1,0:0,1:0,:
152,168,2020-10-10,Нефтехимик,Ак Барс,0:0,2:2,0:0,1:0,:
153,169,2020-10-10,Авангард,Сибирь,2:0,0:0,2:0,:,:
154,170,2020-10-11,Автомобилист,Трактор,1:0,0:0,2:1,:,:
155,171,2020-10-11,Динамо Мн,Динамо Р,1:1,1:1,1:1,0:0,1:0
156,172,2020-10-12,Металлург Мг,ЦСКА,3:1,2:2,1:1,:,:
157,173,2020-10-12,Салават Юлаев,Барыс,0:0,2:0,0:2,0:1,:
158,174,2020-10-12,Торпедо НН,Сибирь,1:1,2:1,0:0,:,:
159,175,2020-10-12,Витязь,Амур,0:2,5:0,1:1,:,:
160,176,2020-10-12,СКА,Динамо М,2:2,1:1,0:1,:,:
161,177,2020-10-12,Спартак,Куньлунь РС,3:1,2:1,1:2,:,:
162,178,2020-10-12,ХК Сочи,Авангард,1:3,1:1,0:3,:,:
163,179,2020-10-12,Йокерит,Локомотив,1:0,1:2,0:2,:,:
164,180,2020-10-13,Ак Барс,Трактор,0:1,1:0,1:1,0:0,0:1
165,181,2020-10-14,Металлург Мг,Авангард,0:0,1:0,2:0,:,:
166,182,2020-10-14,Ак Барс,Амур,1:0,2:0,1:0,:,:
167,183,2020-10-14,Витязь,Автомобилист,1:1,0:1,2:2,:,:
168,184,2020-10-14,Спартак,Барыс,1:0,1:2,0:0,0:1,:
169,185,2020-10-14,ХК Сочи,СКА,1:0,0:2,0:2,:,:
170,186,2020-10-14,Йокерит,ЦСКА,0:1,3:0,2:1,:,:
171,187,2020-10-14,Динамо Р,Локомотив,0:0,1:1,1:1,0:0,0:1
172,188,2020-10-15,Куньлунь РС,Салават Юлаев,0:2,2:0,3:1,:,:
173,189,2020-10-15,Северсталь,Трактор,0:0,0:4,0:0,:,:
174,79,2020-10-16,Динамо Мн,Локомотив,0:0,0:0,0:1,:,:
175,190,2020-10-16,Металлург Мг,Нефтехимик,1:1,2:3,0:0,:,:
176,191,2020-10-16,Ак Барс,Барыс,0:0,0:0,0:0,0:1,:
177,192,2020-10-16,Торпедо НН,Автомобилист,1:0,0:2,1:0,0:0,0:1
178,193,2020-10-16,ХК Сочи,Амур,1:0,1:2,1:1,0:0,0:1
179,194,2020-10-16,ЦСКА,СКА,1:1,1:0,1:0,:,:
180,195,2020-10-17,Сибирь,Йокерит,3:2,0:1,0:1,:,:
181,196,2020-10-17,Авангард,Салават Юлаев,2:0,0:2,1:1,0:0,0:1
182,197,2020-10-17,Динамо Р,Витязь,- — +,:,:,:,:
183,198,2020-10-18,Трактор,Нефтехимик,1:1,3:1,2:1,:,:
184,199,2020-10-18,Северсталь,Автомобилист,2:1,0:0,0:0,:,:
185,200,2020-10-18,ЦСКА,Динамо М,1:0,0:1,1:0,:,:
186,201,2020-10-18,Динамо Мн,Спартак,0:0,0:2,0:1,:,:
187,202,2020-10-19,Амур,Йокерит,1:0,1:1,2:0,:,:
188,203,2020-10-19,Сибирь,Ак Барс,0:3,1:0,0:0,:,:
189,204,2020-10-19,Куньлунь РС,Торпедо НН,0:0,2:0,1:1,:,:
190,205,2020-10-19,СКА,Витязь,3:0,0:1,2:0,:,:
191,206,2020-10-19,ХК Сочи,Салават Юлаев,0:0,0:0,0:2,:,:
192,207,2020-10-19,Динамо Р,Металлург Мг,- — +,:,:,:,:
193,208,2020-10-20,Локомотив,Спартак,0:0,0:0,0:0,0:0,1:0
194,209,2020-10-21,Амур,Ак Барс,3:0,2:1,2:0,:,:
195,210,2020-10-21,Сибирь,Трактор,0:0,1:1,2:0,:,:
196,211,2020-10-21,Барыс,Йокерит,0:0,2:0,2:4,0:1,:
197,212,2020-10-21,Куньлунь РС,Металлург Мг,1:1,4:1,1:2,:,:
198,213,2020-10-21,Северсталь,ХК Сочи,0:0,2:0,0:0,:,:
199,214,2020-10-21,Витязь,Салават Юлаев,0:1,2:0,2:2,:,:
200,215,2020-10-21,Динамо М,Динамо Мн,1:2,2:0,2:0,:,:
201,216,2020-10-21,ЦСКА,Торпедо НН,1:1,0:1,1:0,0:1,:
202,217,2020-10-22,Нефтехимик,Автомобилист,1:3,1:0,0:2,:,:
203,219,2020-10-22,СКА,Спартак,1:3,0:0,0:1,:,:
204,220,2020-10-23,Амур,Трактор,2:1,0:1,0:2,:,:
205,221,2020-10-23,Барыс,Ак Барс,0:0,1:1,0:2,:,:
206,222,2020-10-23,Северсталь,Металлург Мг,0:0,3:1,1:4,:,:
207,223,2020-10-23,Витязь,ХК Сочи,0:0,2:2,0:3,:,:
208,224,2020-10-23,ЦСКА,Динамо Мн,1:0,2:1,2:0,:,:
209,225,2020-10-24,Нефтехимик,Локомотив,1:2,0:1,0:2,:,:
210,226,2020-10-24,Авангард,Автомобилист,2:1,1:0,3:2,:,:
211,228,2020-10-25,Амур,Трактор,0:1,0:1,1:0,:,:
212,229,2020-10-25,Куньлунь РС,ЦСКА,2:1,0:2,0:0,:,:
213,230,2020-10-25,Спартак,ХК Сочи,0:0,1:1,3:0,:,:
214,231,2020-10-25,Динамо Мн,Северсталь,0:0,0:0,1:1,0:1,:
215,232,2020-10-26,Сибирь,Барыс,0:0,2:1,1:0,:,:
216,233,2020-10-26,Металлург Мг,Торпедо НН,0:1,2:0,0:1,0:1,:
217,234,2020-10-26,Салават Юлаев,Локомотив,0:3,0:1,0:1,:,:
218,235,2020-10-26,Динамо М,Витязь,0:2,0:1,1:2,:,:
219,236,2020-10-26,СКА,Авангард,0:0,2:2,3:0,:,:
220,238,2020-10-27,Ак Барс,Нефтехимик,1:0,1:2,1:0,:,:
221,239,2020-10-27,Спартак,Северсталь,2:1,0:2,1:1,:,:
222,133,2020-10-28,ХК Сочи,Барыс,0:0,2:0,1:0,:,:
223,240,2020-10-28,Автомобилист,Локомотив,0:0,0:0,0:0,1:0,:
224,241,2020-10-28,Металлург Мг,Сибирь,0:1,0:1,0:1,:,:
225,242,2020-10-28,Салават Юлаев,Амур,0:0,4:1,0:0,:,:
226,243,2020-10-28,Трактор,Торпедо НН,1:0,2:0,1:1,:,:
227,244,2020-10-28,Динамо М,Авангард,1:0,0:1,1:1,1:0,:
228,245,2020-10-28,СКА,Куньлунь РС,1:0,0:2,0:0,:,:
229,247,2020-10-28,Динамо Мн,Динамо Р,0:0,2:0,1:0,:,:
230,248,2020-10-29,Спартак,ЦСКА,0:0,0:1,2:1,0:1,:
231,249,2020-10-30,Барыс,Куньлунь РС,2:0,0:1,0:0,:,:
232,250,2020-10-30,Металлург Мг,Салават Юлаев,0:1,1:1,0:2,:,:
233,251,2020-10-30,Трактор,Динамо Р,3:1,1:0,1:0,:,:
234,252,2020-10-30,Ак Барс,Сибирь,0:3,3:0,2:0,:,:
235,253,2020-10-30,Локомотив,Динамо М,0:1,1:1,2:0,:,:
236,254,2020-10-30,Нефтехимик,Амур,0:0,1:2,0:1,:,:
237,255,2020-10-30,Северсталь,Витязь,0:0,0:2,0:1,:,:
238,256,2020-10-30,Торпедо НН,Динамо Мн,1:2,1:1,4:0,:,:
239,258,2020-11-01,Автомобилист,Динамо Р,1:1,4:0,2:1,:,:
240,259,2020-11-01,Металлург Мг,Трактор,2:0,1:0,1:1,:,:
241,260,2020-11-01,Салават Юлаев,Куньлунь РС,1:1,1:1,0:0,1:0,:
242,261,2020-11-01,Локомотив,Динамо Мн,0:0,1:0,3:1,:,:
243,262,2020-11-01,Нефтехимик,Сибирь,0:0,0:1,1:2,:,:
244,263,2020-11-01,Северсталь,Йокерит,1:1,1:1,3:0,:,:
245,264,2020-11-01,Торпедо НН,Амур,2:1,0:1,1:1,0:1,:
246,265,2020-11-01,Динамо М,ЦСКА,1:0,2:1,1:2,:,:
247,266,2020-11-01,Спартак,Авангард,0:0,1:1,0:0,1:0,:
248,267,2020-11-01,ХК Сочи,Витязь,1:2,1:0,1:1,0:1,:
249,74,2020-11-03,Барыс,Динамо Р,1:0,2:0,0:0,:,:
250,257,2020-11-03,ХК Сочи,Йокерит,0:0,2:0,2:4,0:1,:
251,44,2020-11-07,Динамо Р,Нефтехимик,0:1,1:2,0:0,:,:
252,83,2020-11-08,Северсталь,Барыс,0:2,1:0,0:1,:,:
253,268,2020-11-10,Трактор,Металлург Мг,1:1,0:0,0:0,1:0,:
254,269,2020-11-10,Локомотив,Барыс,3:1,3:0,1:1,:,:
255,270,2020-11-10,Нефтехимик,Куньлунь РС,2:1,2:0,2:2,:,:
256,271,2020-11-10,Торпедо НН,Ак Барс,1:2,1:1,0:3,:,:
257,272,2020-11-10,Авангард,ХК Сочи,2:1,1:1,0:0,:,:
258,273,2020-11-10,Витязь,Динамо М,0:2,1:0,0:0,:,:
259,274,2020-11-10,ЦСКА,Спартак,1:1,1:1,1:1,0:1,:
260,275,2020-11-10,Йокерит,СКА,1:2,0:1,0:1,:,:
261,276,2020-11-11,Сибирь,Динамо Мн,0:5,0:1,0:0,:,:
262,278,2020-11-12,Трактор,Ак Барс,0:0,2:1,0:0,:,:
263,279,2020-11-12,Локомотив,Автомобилист,0:0,0:2,1:0,:,:
264,280,2020-11-12,Нефтехимик,Барыс,1:1,0:1,0:0,:,:
265,281,2020-11-12,Торпедо НН,Куньлунь РС,1:0,1:0,0:0,:,:
266,282,2020-11-12,Витязь,СКА,1:2,0:4,0:2,:,:
267,283,2020-11-12,Динамо М,Северсталь,1:1,1:0,0:1,0:0,0:1
268,284,2020-11-12,ЦСКА,Салават Юлаев,2:1,1:1,2:1,:,:
269,285,2020-11-12,Динамо Р,ХК Сочи,0:0,0:0,1:3,:,:
270,286,2020-11-13,Амур,Динамо Мн,1:1,0:0,0:1,:,:
271,287,2020-11-13,Сибирь,Авангард,0:0,1:0,0:4,:,:
272,288,2020-11-14,Ак Барс,Нефтехимик,1:1,1:1,1:0,:,:
273,289,2020-11-14,Куньлунь РС,Трактор,0:1,1:2,2:2,:,:
274,291,2020-11-14,Северсталь,СКА,0:1,0:1,0:0,:,:
275,292,2020-11-14,Витязь,Спартак,1:4,2:1,0:2,:,:
276,293,2020-11-14,Динамо М,Салават Юлаев,2:0,0:1,1:2,0:1,:
277,294,2020-11-14,ЦСКА,ХК Сочи,2:0,1:0,4:0,:,:
278,295,2020-11-14,Динамо Р,Автомобилист,2:1,0:1,0:0,0:1,:
279,296,2020-11-15,Амур,Авангард,1:0,1:1,0:0,:,:
280,297,2020-11-15,Сибирь,Металлург Мг,0:0,2:0,1:2,:,:
281,298,2020-11-15,Барыс,Динамо Мн,0:2,0:1,1:1,:,:
282,299,2020-11-16,Ак Барс,Автомобилист,2:0,0:0,1:0,:,:
283,300,2020-11-16,Витязь,Спартак,0:1,0:1,1:1,:,:
284,301,2020-11-16,Динамо М,Нефтехимик,0:0,2:0,1:0,:,:
285,302,2020-11-16,СКА,Салават Юлаев,0:2,1:0,1:0,1:0,:
286,303,2020-11-16,ЦСКА,Локомотив,1:0,1:1,1:0,:,:
287,304,2020-11-16,Йокерит,Трактор,0:0,1:0,0:3,:,:
288,305,2020-11-16,Динамо Р,Куньлунь РС,1:2,3:1,1:0,:,:
289,306,2020-11-17,Амур,Авангард,1:1,0:2,1:0,:,:
290,307,2020-11-17,Сибирь,Торпедо НН,1:0,1:1,1:0,:,:
291,308,2020-11-17,Барыс,Металлург Мг,0:0,1:0,0:1,0:0,0:1
292,309,2020-11-18,СКА,Трактор,0:0,0:0,0:1,:,:
293,310,2020-11-18,Спартак,Северсталь,2:1,1:0,0:2,1:0,:
294,290,2020-11-19,Локомотив,Йокерит,0:2,1:2,0:0,:,:
295,312,2020-11-19,Амур,Металлург Мг,1:0,0:1,0:0,1:0,:
296,313,2020-11-19,Барыс,Авангард,1:3,0:1,1:1,:,:
297,314,2020-11-19,Ак Барс,Торпедо НН,2:1,2:1,3:3,:,:
298,315,2020-11-19,Нефтехимик,ЦСКА,1:1,0:2,1:1,:,:
299,316,2020-11-19,Динамо М,Динамо Р,2:0,1:1,3:0,:,:
300,317,2020-11-19,Динамо Мн,ХК Сочи,1:1,0:0,1:1,1:0,:
301,318,2020-11-20,Салават Юлаев,Спартак,0:0,1:1,0:0,0:0,1:0
302,319,2020-11-20,Витязь,Северсталь,0:0,3:1,1:0,:,:
303,320,2020-11-21,Автомобилист,Торпедо НН,0:0,1:2,1:0,0:0,0:1
304,321,2020-11-21,Куньлунь РС,Ак Барс,0:1,0:2,2:2,:,:
305,322,2020-11-21,Локомотив,Динамо Р,0:0,2:0,1:1,:,:
306,323,2020-11-21,Йокерит,ХК Сочи,0:0,0:0,3:0,:,:
307,324,2020-11-21,Динамо Мн,ЦСКА,1:0,0:2,0:3,:,:
308,325,2020-11-22,Металлург Мг,Северсталь,1:0,0:2,0:2,:,:
309,326,2020-11-22,Салават Юлаев,Барыс,1:1,2:0,1:0,:,:
310,327,2020-11-22,Трактор,Динамо М,0:1,2:3,0:1,:,:
311,328,2020-11-22,Нефтехимик,Спартак,0:0,3:0,2:2,:,:
312,329,2020-11-22,СКА,Амур,0:1,1:0,4:2,:,:
313,330,2020-11-23,Куньлунь РС,Динамо Р,1:2,0:1,3:1,0:1,:
314,331,2020-11-23,Авангард,Ак Барс,2:0,0:0,1:0,:,:
315,332,2020-11-23,ЦСКА,Сибирь,1:2,0:2,0:1,:,:
316,333,2020-11-24,Куньлунь РС,Амур,0:1,2:1,0:2,:,:
317,334,2020-11-24,Северсталь,Витязь,0:0,1:1,1:0,:,:
318,335,2020-11-24,Торпедо НН,Автомобилист,3:1,2:0,0:0,:,:
319,336,2020-11-24,СКА,Барыс,2:2,1:0,1:1,:,:
320,337,2020-11-24,ХК Сочи,Спартак,1:0,2:3,0:2,:,:
321,338,2020-11-24,Йокерит,Динамо М,1:0,3:0,2:1,:,:
322,339,2020-11-24,Динамо Мн,Локомотив,0:0,1:0,0:1,1:0,:
323,340,2020-11-25,Металлург Мг,Ак Барс,0:1,1:0,1:1,0:0,0:1
324,341,2020-11-25,Салават Юлаев,Нефтехимик,4:1,0:1,2:0,:,:
325,342,2020-11-25,Динамо Р,Сибирь,0:2,1:0,1:1,:,:
326,343,2020-11-26,Трактор,Автомобилист,1:1,1:1,1:1,1:0,:
327,344,2020-11-26,Северсталь,СКА,0:0,2:0,0:3,:,:
328,345,2020-11-26,Торпедо НН,Йокерит,0:1,2:0,1:1,:,:
329,346,2020-11-26,Авангард,Амур,2:1,1:0,1:1,:,:
330,347,2020-11-26,Динамо М,Локомотив,0:0,0:3,3:0,1:0,:
331,348,2020-11-26,ХК Сочи,ЦСКА,1:2,0:1,0:1,:,:
332,349,2020-11-26,Динамо Мн,Витязь,1:0,1:1,1:2,1:0,:
333,350,2020-11-27,Металлург Мг,Нефтехимик,1:2,2:2,3:0,:,:
334,351,2020-11-27,Куньлунь РС,Сибирь,0:0,1:0,0:0,:,:
335,352,2020-11-28,Автомобилист,ЦСКА,0:1,0:2,1:2,:,:
336,353,2020-11-28,Салават Юлаев,СКА,2:0,0:1,0:1,0:0,0:1
337,354,2020-11-28,Витязь,Йокерит,0:0,2:1,1:2,0:0,1:0
338,355,2020-11-28,Динамо М,Амур,0:0,2:0,1:2,:,:
339,356,2020-11-28,ХК Сочи,Динамо Р,1:0,2:2,0:0,:,:
340,357,2020-11-29,Барыс,Спартак,1:0,1:0,0:1,:,:
341,358,2020-11-29,Ак Барс,Северсталь,3:1,2:1,0:0,:,:
342,359,2020-11-29,Куньлунь РС,Авангард,0:2,1:0,0:0,:,:
343,360,2020-11-29,Локомотив,Динамо Мн,1:0,1:0,0:2,1:0,:
344,361,2020-11-29,Нефтехимик,Трактор,1:0,2:2,2:1,:,:
345,362,2020-11-29,Торпедо НН,Металлург Мг,1:1,0:0,1:3,:,:
346,363,2020-11-30,Автомобилист,Салават Юлаев,0:0,0:0,0:0,0:1,:
347,364,2020-11-30,Витязь,Динамо Р,0:0,3:1,1:0,:,:
348,365,2020-11-30,СКА,Йокерит,1:0,0:1,0:0,0:0,0:1
349,366,2020-12-01,Сибирь,Спартак,1:0,1:0,0:0,:,:
350,367,2020-12-01,Барыс,ХК Сочи,2:0,0:0,0:0,:,:
351,368,2020-12-01,Локомотив,Северсталь,1:0,1:1,3:0,:,:
352,369,2020-12-01,Нефтехимик,Динамо Мн,0:3,0:1,1:1,:,:
353,370,2020-12-01,Торпедо НН,Трактор,1:0,0:0,1:0,:,:
354,371,2020-12-01,Авангард,Ак Барс,1:0,2:0,0:0,:,:
355,372,2020-12-01,Динамо М,Металлург Мг,1:1,0:3,1:2,:,:
356,373,2020-12-01,ЦСКА,Куньлунь РС,0:1,0:1,2:0,1:0,:
357,374,2020-12-02,Йокерит,Салават Юлаев,1:1,0:0,2:0,:,:
358,375,2020-12-03,Амур,Спартак,1:1,2:0,3:1,:,:
359,376,2020-12-03,Сибирь,ХК Сочи,0:0,1:1,0:0,1:0,:
360,377,2020-12-03,Автомобилист,Динамо М,0:3,0:1,2:3,:,:
361,378,2020-12-03,Металлург Мг,СКА,0:0,0:1,2:0,:,:
362,379,2020-12-03,Нефтехимик,Ак Барс,1:2,0:1,0:3,:,:
363,380,2020-12-03,Витязь,Торпедо НН,0:2,1:1,1:0,:,:
364,381,2020-12-03,ЦСКА,Динамо Мн,0:1,1:2,1:1,:,:
365,382,2020-12-03,Динамо Р,Трактор,0:3,1:1,2:0,:,:
366,383,2020-12-04,Барыс,Локомотив,1:0,1:1,1:0,:,:
367,384,2020-12-04,Динамо Р,Северсталь,0:1,3:2,0:0,0:1,:
368,385,2020-12-05,Амур,ХК Сочи,2:1,0:1,0:1,:,:
369,386,2020-12-05,Салават Юлаев,Динамо М,0:0,0:1,0:2,:,:
370,387,2020-12-05,Трактор,СКА,1:2,0:2,0:1,:,:
371,388,2020-12-05,Куньлунь РС,Торпедо НН,2:1,1:3,1:0,0:1,:
372,389,2020-12-06,Сибирь,Локомотив,1:1,0:1,2:1,0:1,:
373,390,2020-12-06,Барыс,Витязь,0:1,1:1,1:0,0:0,1:0
374,391,2020-12-06,Ак Барс,Автомобилист,0:0,0:0,2:0,:,:
375,392,2020-12-06,Северсталь,Авангард,0:0,1:0,0:1,0:0,1:0
376,393,2020-12-07,Салават Юлаев,Металлург Мг,0:1,1:0,0:2,:,:
377,394,2020-12-07,Нефтехимик,Куньлунь РС,2:1,1:3,1:1,:,:
378,395,2020-12-07,СКА,Динамо Р,2:0,1:2,0:1,0:0,0:1
379,396,2020-12-07,Спартак,Йокерит,1:1,1:1,0:0,1:0,:
380,397,2020-12-08,Амур,Локомотив,0:2,2:1,1:1,:,:
381,398,2020-12-08,Сибирь,Витязь,0:1,1:0,0:1,:,:
382,399,2020-12-08,Торпедо НН,ЦСКА,0:0,0:1,1:1,:,:
383,400,2020-12-08,Авангард,Автомобилист,1:1,2:0,0:0,:,:
384,401,2020-12-09,Трактор,Йокерит,0:1,0:2,2:2,:,:
385,402,2020-12-09,Ак Барс,Металлург Мг,1:0,1:0,1:0,:,:
386,403,2020-12-09,Северсталь,Динамо Р,1:0,1:0,2:2,:,:
387,404,2020-12-09,Спартак,Нефтехимик,1:1,1:1,2:0,:,:
388,405,2020-12-09,ХК Сочи,Куньлунь РС,2:0,1:3,0:1,:,:
389,406,2020-12-09,Динамо Мн,Динамо М,2:2,0:1,0:0,:,:
390,407,2020-12-10,Амур,Витязь,1:0,1:0,1:1,:,:
391,408,2020-12-10,Авангард,ЦСКА,1:1,0:2,0:1,:,:
392,409,2020-12-10,СКА,Автомобилист,5:1,1:1,1:0,:,:
393,410,2020-12-11,Барыс,Торпедо НН,0:1,2:2,0:0,:,:
394,411,2020-12-11,Металлург Мг,Динамо М,1:0,2:0,0:1,:,:
395,412,2020-12-11,Салават Юлаев,Йокерит,0:1,0:1,0:1,:,:
396,413,2020-12-11,Трактор,Сибирь,0:0,2:0,0:0,:,:
397,414,2020-12-11,Ак Барс,Динамо Мн,2:0,2:1,3:1,:,:
398,415,2020-12-11,Северсталь,Спартак,1:1,1:1,2:1,:,:
399,416,2020-12-11,ХК Сочи,Нефтехимик,0:0,4:2,0:0,:,:
400,417,2020-12-12,Динамо Р,СКА,0:3,0:1,1:0,:,:
401,427,2020-12-12,ЦСКА,Локомотив,1:1,1:0,1:1,:,:
402,418,2020-12-13,Металлург Мг,Автомобилист,0:2,0:2,0:0,:,:
403,419,2020-12-13,Салават Юлаев,Сибирь,1:1,2:0,0:0,:,:
404,420,2020-12-13,Трактор,Барыс,0:1,0:1,2:2,:,:
405,421,2020-12-13,Ак Барс,Йокерит,2:0,0:0,2:1,:,:
406,422,2020-12-13,Куньлунь РС,Динамо Мн,0:0,1:0,1:2,0:0,0:1
407,423,2020-12-13,Нефтехимик,Динамо М,0:1,1:0,1:2,:,:
408,424,2020-12-13,Северсталь,Торпедо НН,1:0,0:0,2:0,:,:
409,425,2020-12-13,Витязь,Авангард,2:0,1:2,1:1,:,:
410,426,2020-12-13,ХК Сочи,Спартак,0:3,2:1,1:0,:,:
411,43,2020-12-14,Йокерит,Ак Барс,1:0,0:1,0:3,:,:
412,95,2020-12-15,Динамо Р,Торпедо НН,3:2,0:1,1:3,:,:
413,111,2020-12-19,Куньлунь РС,Барыс,1:0,0:0,0:1,0:1,:
414,77,2020-12-21,Витязь,Йокерит,0:0,2:0,0:1,:,:
415,428,2020-12-21,Куньлунь РС,Авангард,0:0,1:3,0:2,:,:
416,429,2020-12-21,Торпедо НН,Барыс,1:2,0:0,1:0,0:1,:
417,430,2020-12-21,Динамо Р,ХК Сочи,3:1,1:1,1:3,0:1,:
418,431,2020-12-22,Сибирь,Амур,3:0,0:0,0:2,:,:
419,432,2020-12-22,Автомобилист,Трактор,0:1,1:2,1:0,:,:
420,433,2020-12-22,Салават Юлаев,Динамо Мн,0:0,3:1,5:2,:,:
421,434,2020-12-22,Локомотив,Северсталь,0:0,1:0,1:1,:,:
422,435,2020-12-22,Динамо М,Йокерит,2:0,2:0,0:0,:,:
423,436,2020-12-22,СКА,ЦСКА,1:1,0:0,2:2,0:0,1:0
424,437,2020-12-22,Спартак,Ак Барс,0:1,0:1,0:1,:,:
425,438,2020-12-23,Торпедо НН,ХК Сочи,3:1,1:0,0:0,:,:
426,439,2020-12-23,Авангард,Барыс,1:1,0:1,0:1,:,:
427,440,2020-12-23,Спартак,Витязь,3:1,2:1,0:1,:,:
428,441,2020-12-24,Сибирь,Амур,1:1,0:0,1:1,0:0,1:0
429,442,2020-12-24,Автомобилист,Салават Юлаев,1:1,0:1,2:0,:,:
430,443,2020-12-24,Металлург Мг,Динамо Мн,0:0,2:1,1:1,:,:
431,444,2020-12-24,Нефтехимик,Трактор,1:1,0:1,1:1,:,:
432,445,2020-12-24,Динамо М,Ак Барс,2:2,0:4,0:1,:,:
433,446,2020-12-24,СКА,Северсталь,0:0,0:0,2:0,:,:
434,447,2020-12-25,Локомотив,ХК Сочи,0:1,3:2,3:0,:,:
435,448,2020-12-26,Сибирь,Салават Юлаев,1:1,0:1,0:1,:,:
436,449,2020-12-26,Барыс,Амур,1:0,1:1,3:1,:,:
437,450,2020-12-26,Автомобилист,Нефтехимик,0:0,1:0,2:0,:,:
438,451,2020-12-26,Куньлунь РС,Трактор,2:0,0:2,2:1,:,:
439,452,2020-12-26,Авангард,Спартак,2:0,0:2,0:0,0:1,:
440,453,2020-12-26,Динамо М,СКА,0:0,1:1,0:0,1:0,:
441,454,2020-12-26,Йокерит,Северсталь,3:2,0:0,0:1,0:0,1:0
442,455,2020-12-26,Динамо Мн,Динамо Р,2:0,0:1,0:1,1:0,:
443,456,2020-12-27,Витязь,ЦСКА,1:0,0:0,1:1,:,:
444,457,2020-12-28,Барыс,Сибирь,1:0,0:1,0:2,:,:
445,458,2020-12-28,Автомобилист,Амур,1:0,0:0,2:0,:,:
446,459,2020-12-28,Салават Юлаев,Металлург Мг,2:1,0:1,2:0,:,:
447,460,2020-12-28,Северсталь,Нефтехимик,3:2,1:0,3:0,:,:
448,461,2020-12-28,Торпедо НН,Динамо Р,2:1,0:1,1:0,:,:
449,462,2020-12-28,Авангард,Трактор,1:0,2:1,2:2,:,:
450,463,2020-12-28,Спартак,Динамо М,0:4,0:2,0:0,:,:
451,464,2020-12-28,ХК Сочи,СКА,0:0,0:1,1:3,:,:
452,465,2020-12-28,Йокерит,Локомотив,1:1,1:1,1:1,1:0,:
453,466,2020-12-30,Барыс,Металлург Мг,1:0,1:1,0:1,1:0,:
454,467,2020-12-30,Торпедо НН,Локомотив,3:2,2:2,1:1,:,:
455,468,2020-12-30,Авангард,Куньлунь РС,1:1,2:1,0:1,0:0,0:1
456,469,2020-12-30,Витязь,Динамо М,0:0,0:3,1:2,:,:
457,470,2020-12-30,Спартак,Динамо Р,1:1,1:2,0:2,:,:
458,471,2020-12-30,ХК Сочи,Северсталь,3:0,2:2,1:0,:,:
459,472,2020-12-30,Йокерит,СКА,1:0,1:0,0:1,:,:
460,473,2020-12-30,Динамо Мн,Нефтехимик,1:0,1:4,2:1,:,:
461,474,2021-01-03,Салават Юлаев,Автомобилист,0:0,0:0,0:0,1:0,:
462,475,2021-01-03,Локомотив,Витязь,2:0,0:0,5:1,:,:
463,476,2021-01-03,Нефтехимик,Сибирь,0:0,2:0,1:0,:,:
464,477,2021-01-03,ХК Сочи,Торпедо НН,1:2,0:1,1:2,:,:
465,478,2021-01-03,ЦСКА,Йокерит,1:1,3:1,0:2,1:0,:
466,479,2021-01-03,Динамо Мн,Авангард,0:0,1:2,3:2,1:0,:
467,480,2021-01-04,Амур,Барыс,2:1,1:2,1:1,0:0,0:1
468,481,2021-01-04,Металлург Мг,Спартак,0:1,1:1,3:1,:,:
469,482,2021-01-04,Динамо Р,Динамо М,1:2,2:0,2:2,:,:
470,483,2021-01-05,Салават Юлаев,Авангард,2:2,0:1,3:2,0:1,:
471,484,2021-01-05,Куньлунь РС,Северсталь,0:1,1:2,1:1,:,:
472,485,2021-01-05,Локомотив,Сибирь,2:0,1:2,0:0,:,:
473,486,2021-01-05,Нефтехимик,Торпедо НН,0:0,0:0,0:0,0:0,1:0
474,487,2021-01-05,ХК Сочи,Йокерит,0:0,0:3,0:2,:,:
475,488,2021-01-05,ЦСКА,Автомобилист,1:1,0:0,0:0,0:0,0:1
476,489,2021-01-05,Динамо Мн,СКА,1:1,0:1,2:1,1:0,:
477,490,2021-01-06,Амур,Барыс,2:0,2:0,1:1,:,:
478,491,2021-01-06,Трактор,Спартак,0:1,1:4,1:1,:,:
479,492,2021-01-06,Ак Барс,Динамо М,0:0,1:1,1:0,:,:
480,493,2021-01-07,Куньлунь РС,Сибирь,0:1,1:1,0:4,:,:
481,494,2021-01-07,Локомотив,СКА,0:0,1:0,3:1,:,:
482,495,2021-01-07,Торпедо НН,Металлург Мг,1:1,0:1,1:1,:,:
483,496,2021-01-07,Авангард,Северсталь,1:2,3:0,0:1,:,:
484,497,2021-01-07,Динамо Р,Динамо Мн,1:3,0:2,1:1,:,:
485,498,2021-01-08,Автомобилист,Барыс,0:2,1:1,1:0,:,:
486,499,2021-01-08,Ак Барс,Трактор,0:1,0:0,2:1,0:0,1:0
487,500,2021-01-08,Витязь,ХК Сочи,2:0,2:2,0:0,:,:
488,501,2021-01-08,ЦСКА,Нефтехимик,1:0,4:1,1:0,:,:
489,502,2021-01-08,Йокерит,Спартак,0:2,1:1,0:1,:,:
490,503,2021-01-09,Авангард,Металлург Мг,3:0,0:1,1:1,:,:
491,504,2021-01-09,Динамо М,Динамо Мн,1:0,1:0,0:0,:,:
492,505,2021-01-09,Динамо Р,Локомотив,1:2,0:2,0:0,:,:
493,237,2021-01-10,Йокерит,Автомобилист,0:0,2:1,1:1,:,:
494,506,2021-01-10,Амур,Куньлунь РС,1:1,2:0,2:3,:,:
495,507,2021-01-10,Салават Юлаев,Ак Барс,2:2,1:1,4:0,:,:
496,508,2021-01-10,Северсталь,ХК Сочи,2:0,1:1,1:1,:,:
497,509,2021-01-10,Торпедо НН,Трактор,1:1,2:1,0:0,:,:
498,510,2021-01-10,Витязь,Нефтехимик,1:0,1:0,1:0,:,:
499,511,2021-01-10,СКА,ЦСКА,1:0,1:1,0:1,0:1,:
500,512,2021-01-11,Автомобилист,Йокерит,1:0,0:0,1:0,:,:
501,513,2021-01-11,Спартак,Локомотив,0:2,1:1,3:0,:,:
502,514,2021-01-11,Динамо Мн,Металлург Мг,0:2,1:1,1:1,:,:
503,515,2021-01-12,Амур,Куньлунь РС,1:0,2:0,0:1,:,:
504,516,2021-01-12,Сибирь,Салават Юлаев,0:0,0:0,1:3,:,:
505,517,2021-01-12,Барыс,Ак Барс,1:1,1:2,0:1,:,:
506,518,2021-01-12,Динамо М,Витязь,1:0,0:0,1:1,:,:
507,519,2021-01-12,СКА,ХК Сочи,1:0,2:0,0:1,:,:
508,520,2021-01-12,Динамо Р,ЦСКА,0:3,0:2,1:2,:,:
509,521,2021-01-13,Нефтехимик,Йокерит,2:1,0:1,0:0,1:0,:
510,522,2021-01-13,Авангард,Торпедо НН,1:1,1:1,1:3,:,:
511,523,2021-01-13,Спартак,Автомобилист,0:1,0:0,0:0,:,:
512,524,2021-01-14,Сибирь,Куньлунь РС,0:2,0:1,1:0,:,:
513,525,2021-01-14,Барыс,Салават Юлаев,0:1,3:2,0:3,:,:
514,526,2021-01-14,Трактор,Витязь,0:0,1:0,1:1,:,:
515,527,2021-01-14,Локомотив,ЦСКА,1:0,2:0,0:0,:,:
516,528,2021-01-15,Ак Барс,Авангард,1:1,1:0,1:0,:,:
517,529,2021-01-15,Северсталь,Динамо Р,1:1,1:0,1:1,:,:
518,530,2021-01-15,Динамо М,Торпедо НН,0:1,4:2,1:0,:,:
519,531,2021-01-15,Спартак,Йокерит,1:1,0:1,0:1,:,:
520,532,2021-01-15,Динамо Мн,Автомобилист,0:0,0:2,1:0,:,:
521,533,2021-01-16,Металлург Мг,Салават Юлаев,2:1,0:1,1:0,:,:
522,534,2021-01-16,ХК Сочи,Витязь,1:0,0:0,0:1,0:1,:
523,535,2021-01-17,Барыс,Амур,0:0,2:1,1:1,:,:
524,536,2021-01-17,Автомобилист,Авангард,0:1,1:0,3:0,:,:
525,537,2021-01-17,Трактор,Локомотив,2:0,1:0,1:0,:,:
526,538,2021-01-17,Ак Барс,Торпедо НН,0:0,0:0,2:0,:,:
527,539,2021-01-17,Нефтехимик,Динамо Р,3:0,0:1,0:1,:,:
528,540,2021-01-17,Северсталь,Динамо Мн,0:1,0:0,1:0,0:0,0:1
529,541,2021-01-17,Динамо М,Сибирь,1:1,1:1,1:1,0:0,0:1
530,542,2021-01-17,ЦСКА,СКА,1:0,1:0,1:1,:,:
531,543,2021-01-19,Автомобилист,СКА,1:0,0:3,0:0,:,:
532,544,2021-01-19,Металлург Мг,Локомотив,1:0,1:1,2:0,:,:
533,545,2021-01-19,Салават Юлаев,Северсталь,0:1,3:1,1:0,:,:
534,546,2021-01-19,Трактор,Авангард,0:2,1:1,1:0,:,:
535,547,2021-01-19,Ак Барс,Динамо Р,2:2,1:0,1:2,0:1,:
536,548,2021-01-19,Куньлунь РС,Амур,1:0,0:1,1:1,0:1,:
537,549,2021-01-19,Торпедо НН,Нефтехимик,4:1,2:0,1:0,:,:
538,550,2021-01-19,Витязь,Сибирь,2:0,0:0,1:1,:,:
539,551,2021-01-19,ХК Сочи,Динамо Мн,1:1,1:0,0:1,0:1,:
540,552,2021-01-19,ЦСКА,Спартак,1:0,0:1,1:0,:,:
541,553,2021-01-19,Йокерит,Барыс,0:1,0:0,1:3,:,:
542,554,2021-01-21,Автомобилист,Северсталь,0:3,0:1,3:2,:,:
543,555,2021-01-21,Металлург Мг,Динамо Р,3:0,0:0,2:3,:,:
544,556,2021-01-21,Трактор,Салават Юлаев,1:0,0:1,0:0,1:0,:
545,557,2021-01-21,Ак Барс,Локомотив,1:0,1:2,1:1,0:0,0:1
546,558,2021-01-21,Куньлунь РС,Нефтехимик,2:1,2:4,1:1,:,:
547,559,2021-01-21,Витязь,СКА,0:1,1:0,0:2,:,:
548,560,2021-01-21,Динамо М,Барыс,0:2,0:0,0:0,:,:
549,561,2021-01-21,ХК Сочи,Сибирь,1:0,0:0,2:0,:,:
550,562,2021-01-21,ЦСКА,Амур,2:0,1:1,0:1,:,:
551,72,2021-01-23,ХК Сочи,Локомотив,1:2,0:0,0:3,:,:
552,87,2021-01-23,ЦСКА,Йокерит,0:0,1:1,0:2,:,:
553,123,2021-01-23,Витязь,Барыс,2:1,1:2,1:1,0:1,:
554,227,2021-01-23,Динамо М,Динамо Р,0:1,1:0,4:1,:,:
555,563,2021-01-25,Витязь,Куньлунь РС,1:0,1:0,1:0,:,:
556,564,2021-01-25,Спартак,Торпедо НН,0:0,1:1,1:1,1:0,:
557,565,2021-01-25,Йокерит,Авангард,0:1,1:1,1:3,:,:
558,566,2021-01-25,Динамо Мн,Северсталь,0:0,1:0,1:1,:,:
559,567,2021-01-26,Амур,Салават Юлаев,0:1,1:0,0:1,:,:
560,568,2021-01-26,Сибирь,Нефтехимик,3:1,1:3,2:0,:,:
561,569,2021-01-26,Барыс,Трактор,0:1,1:2,1:0,:,:
562,570,2021-01-26,Автомобилист,Металлург Мг,2:1,0:1,1:3,:,:
563,571,2021-01-27,Локомотив,Куньлунь РС,1:1,1:0,1:1,:,:
564,572,2021-01-27,Динамо М,ЦСКА,2:0,0:0,2:1,:,:
565,573,2021-01-27,СКА,Северсталь,1:0,1:0,2:1,:,:
566,574,2021-01-27,Йокерит,ХК Сочи,0:0,1:1,2:1,:,:
567,575,2021-01-27,Динамо Мн,Торпедо НН,0:2,0:1,1:0,:,:
568,576,2021-01-27,Динамо Р,Авангард,1:0,0:2,0:0,:,:
569,577,2021-01-28,Амур,Салават Юлаев,0:1,2:1,0:1,:,:
570,578,2021-01-28,Сибирь,Трактор,1:0,1:1,0:1,1:0,:
571,579,2021-01-28,Барыс,Нефтехимик,1:0,1:0,2:1,:,:
572,580,2021-01-28,Автомобилист,Ак Барс,0:0,1:2,0:1,:,:
573,581,2021-01-28,Спартак,Металлург Мг,1:1,0:1,0:1,:,:
574,582,2021-01-29,Локомотив,Авангард,0:2,1:0,1:0,1:0,:
575,583,2021-01-29,Динамо М,ХК Сочи,0:0,4:0,0:0,:,:
576,584,2021-01-29,Йокерит,Торпедо НН,1:0,2:1,1:0,:,:
577,585,2021-01-29,Динамо Мн,ЦСКА,1:0,0:1,1:3,:,:
578,586,2021-01-29,Динамо Р,Северсталь,0:2,1:0,1:1,:,:
579,73,2021-01-30,Йокерит,Металлург Мг,0:2,1:2,0:1,:,:
580,587,2021-01-30,Барыс,Салават Юлаев,2:0,0:0,0:2,0:1,:
581,588,2021-01-30,Ак Барс,Куньлунь РС,1:0,1:0,1:1,:,:
582,589,2021-01-30,Спартак,СКА,0:2,0:1,0:2,:,:
583,590,2021-01-31,Амур,Сибирь,1:0,2:0,0:1,:,:
584,591,2021-01-31,Нефтехимик,ХК Сочи,1:1,0:1,0:2,:,:
585,592,2021-01-31,Авангард,Локомотив,0:1,2:0,2:1,:,:
586,617,2021-01-31,Динамо Мн,Витязь,2:1,1:2,2:1,:,:
587,594,2021-02-01,Барыс,Автомобилист,1:2,1:0,0:1,:,:
588,595,2021-02-01,Трактор,Ак Барс,1:1,0:1,1:1,:,:
589,596,2021-02-01,Торпедо НН,Куньлунь РС,0:0,0:0,3:0,:,:
590,597,2021-02-01,Динамо М,СКА,0:0,0:0,2:0,:,:
591,598,2021-02-02,Амур,Сибирь,0:0,2:0,1:1,:,:
592,599,2021-02-02,Северсталь,Локомотив,1:0,2:1,1:1,:,:
593,600,2021-02-02,Авангард,Динамо Мн,0:0,1:0,2:1,:,:
594,601,2021-02-02,ЦСКА,Динамо Р,0:0,1:3,2:0,1:0,:
595,90,2021-02-03,Металлург Мг,Барыс,0:0,1:1,2:0,:,:
596,602,2021-02-03,Автомобилист,Ак Барс,1:1,0:0,1:2,:,:
597,603,2021-02-03,Трактор,Нефтехимик,3:1,1:1,1:1,:,:
598,604,2021-02-03,Куньлунь РС,Спартак,2:1,0:1,1:3,:,:
599,605,2021-02-03,Торпедо НН,Витязь,1:2,3:0,2:1,:,:
600,606,2021-02-03,Динамо М,Йокерит,2:0,1:1,2:0,:,:
601,607,2021-02-04,Салават Юлаев,Динамо Р,2:0,1:2,1:2,0:0,1:0
602,608,2021-02-04,СКА,Локомотив,0:1,1:0,1:1,1:0,:
603,593,2021-02-05,Витязь,Динамо Мн,0:0,2:1,1:0,:,:
604,609,2021-02-05,Сибирь,Барыс,1:0,1:1,0:2,:,:
605,610,2021-02-05,Автомобилист,Нефтехимик,1:0,3:2,0:1,:,:
606,611,2021-02-05,Металлург Мг,Ак Барс,0:0,0:0,3:0,:,:
607,612,2021-02-05,Трактор,Амур,0:2,1:0,1:0,0:0,1:0
608,613,2021-02-05,Куньлунь РС,Йокерит,1:0,0:1,0:1,:,:
609,614,2021-02-05,Северсталь,Спартак,1:0,2:0,2:2,:,:
610,615,2021-02-05,Торпедо НН,Динамо М,2:1,0:0,0:1,0:0,1:0
611,616,2021-02-05,ХК Сочи,ЦСКА,0:0,0:0,0:2,:,:
612,618,2021-02-07,Металлург Мг,Барыс,0:0,1:2,2:0,:,:
613,619,2021-02-07,Салават Юлаев,Амур,1:0,3:0,0:0,:,:
614,620,2021-02-07,Трактор,ЦСКА,2:0,0:1,0:1,0:0,0:1
615,621,2021-02-07,Куньлунь РС,Витязь,1:1,2:3,1:1,:,:
616,622,2021-02-07,Северсталь,Динамо М,0:1,1:2,1:2,:,:
617,623,2021-02-07,Авангард,Нефтехимик,1:1,2:0,1:1,:,:
618,624,2021-02-07,СКА,Йокерит,0:1,1:0,2:1,:,:
619,625,2021-02-07,ХК Сочи,Динамо Мн,1:0,1:2,1:2,:,:
620,626,2021-02-07,Динамо Р,Спартак,0:1,0:0,1:1,:,:
621,64,2021-02-09,Йокерит,Северсталь,0:1,1:0,0:0,0:1,:
622,218,2021-02-09,Авангард,Динамо Р,0:1,4:0,1:0,:,:
623,311,2021-02-11,Йокерит,Куньлунь РС,0:1,3:2,1:1,0:1,:
624,277,2021-02-14,Металлург Мг,Йокерит,0:1,0:2,2:2,:,:
625,636,2021-02-15,Динамо Р,Ак Барс,2:2,0:1,1:1,:,:
626,627,2021-02-16,Амур,Автомобилист,0:0,0:1,1:0,1:0,:
627,628,2021-02-16,Сибирь,Нефтехимик,1:0,0:0,0:1,1:0,:
628,629,2021-02-16,Барыс,Авангард,1:1,1:0,0:1,1:0,:
629,630,2021-02-16,Трактор,Металлург Мг,1:1,1:0,1:2,1:0,:
630,631,2021-02-16,Куньлунь РС,ХК Сочи,1:1,2:1,1:0,:,:
631,632,2021-02-16,Северсталь,Локомотив,0:2,2:0,0:1,:,:
632,633,2021-02-16,СКА,Спартак,1:0,1:0,1:1,:,:
633,634,2021-02-16,ЦСКА,Витязь,1:1,1:0,1:0,:,:
634,635,2021-02-16,Динамо Мн,Динамо М,1:2,1:3,2:1,:,:
635,637,2021-02-18,Амур,Нефтехимик,0:0,1:0,0:1,0:1,:
636,638,2021-02-18,Сибирь,Авангард,0:1,0:0,0:2,:,:
637,639,2021-02-18,Барыс,Автомобилист,1:0,0:0,1:1,:,:
638,640,2021-02-18,Салават Юлаев,Ак Барс,0:0,1:1,2:1,:,:
639,641,2021-02-18,Локомотив,Динамо Р,1:0,3:1,1:0,:,:
640,642,2021-02-18,Северсталь,Куньлунь РС,1:0,1:0,1:1,:,:
641,643,2021-02-18,Торпедо НН,Спартак,1:2,1:1,0:0,:,:
642,644,2021-02-18,Витязь,Металлург Мг,0:0,1:0,0:1,0:0,0:1
643,645,2021-02-18,СКА,Динамо М,0:2,1:0,0:1,:,:
644,646,2021-02-18,ЦСКА,Трактор,0:1,0:0,1:1,:,:
645,647,2021-02-18,Йокерит,Динамо Мн,0:1,1:1,1:0,0:0,0:1
646,648,2021-02-20,Амур,Нефтехимик,2:0,1:0,0:0,:,:
647,649,2021-02-20,Салават Юлаев,Куньлунь РС,3:0,1:2,1:2,:,:
648,650,2021-02-20,Ак Барс,Спартак,1:0,0:0,1:2,0:1,:
649,651,2021-02-20,Локомотив,СКА,0:1,1:0,1:0,:,:
650,652,2021-02-20,Торпедо НН,Авангард,0:1,1:0,1:1,0:1,:
651,653,2021-02-20,ЦСКА,Динамо Р,0:0,1:3,0:1,:,:
652,654,2021-02-20,Йокерит,Динамо М,0:1,3:0,1:3,0:1,:
653,655,2021-02-20,Динамо Мн,Трактор,0:0,1:1,1:1,1:0,:
654,656,2021-02-21,Барыс,Сибирь,0:0,0:3,1:2,:,:
655,657,2021-02-21,Автомобилист,ХК Сочи,2:0,0:0,1:3,0:0,1:0
656,658,2021-02-22,Куньлунь РС,СКА,2:0,1:0,0:4,:,:
657,659,2021-02-22,Йокерит,Витязь,1:0,1:1,3:0,:,:
658,246,2021-02-23,Йокерит,Витязь,1:0,1:2,1:0,:,:
659,660,2021-02-23,Трактор,Сибирь,0:2,2:1,0:1,:,:
660,661,2021-02-23,Ак Барс,Барыс,0:1,1:1,2:1,1:0,:
661,662,2021-02-23,Локомотив,Торпедо НН,2:1,2:0,0:0,:,:
662,663,2021-02-23,Нефтехимик,Металлург Мг,0:0,0:0,1:0,:,:
663,664,2021-02-23,Северсталь,ЦСКА,0:0,0:2,0:1,:,:
664,665,2021-02-23,Динамо М,Автомобилист,4:0,2:0,0:0,:,:
665,666,2021-02-23,Спартак,ХК Сочи,1:0,2:0,3:1,:,:
666,667,2021-02-23,Динамо Мн,Амур,3:2,1:3,1:1,:,:
667,668,2021-02-23,Динамо Р,Салават Юлаев,0:2,1:0,0:1,:,:
668,669,2021-02-25,СКА,Витязь,2:0,1:0,1:0,:,:
669,670,2021-02-25,Трактор,Торпедо НН,1:0,1:1,1:1,:,:
670,671,2021-02-25,Ак Барс,Металлург Мг,1:2,0:0,1:0,0:0,0:1
671,672,2021-02-25,Куньлунь РС,Барыс,0:2,0:0,0:1,:,:
672,673,2021-02-25,Локомотив,ЦСКА,0:1,2:0,0:1,0:0,0:1
673,674,2021-02-25,Нефтехимик,Северсталь,1:0,0:0,1:2,0:1,:
674,675,2021-02-25,Авангард,Салават Юлаев,0:1,1:0,0:1,:,:
675,676,2021-02-25,Спартак,Сибирь,1:2,1:0,0:0,0:1,:
676,677,2021-02-25,ХК Сочи,Автомобилист,0:1,0:1,0:1,:,:
677,678,2021-02-25,Йокерит,Амур,1:2,1:0,1:1,1:0,:
678,679,2021-02-25,Динамо Р,Динамо Мн,0:0,1:0,0:2,:,:
679,680,2021-02-27,Автомобилист,Сибирь,0:1,0:1,0:2,:,:
680,681,2021-02-27,Металлург Мг,Трактор,1:0,1:1,0:1,0:1,:
681,682,2021-02-27,Ак Барс,ЦСКА,0:0,0:1,0:0,:,:
682,683,2021-02-27,Куньлунь РС,Динамо М,1:1,0:2,0:2,:,:
683,684,2021-02-27,Локомотив,Салават Юлаев,0:1,4:0,0:0,:,:
684,685,2021-02-27,Нефтехимик,Торпедо НН,1:0,1:2,0:0,1:0,:
685,686,2021-02-27,Авангард,Барыс,1:1,1:0,3:1,:,:
686,687,2021-02-27,СКА,Динамо Мн,2:0,1:0,1:2,:,:
687,688,2021-02-27,Спартак,Витязь,2:0,1:2,0:3,:,:
688,689,2021-02-27,ХК Сочи,Северсталь,0:3,2:0,0:1,:,:
689,690,2021-02-27,Динамо Р,Амур,0:1,2:0,0:1,0:1,:
